layer,dist_ave
9,8.366713717579842
13,12.628018041451773
17,16.827148399419254
21,21.064368382648187
25,25.300276164655333
29,29.542908659687747
33,33.78324990802341
41,42.26676321029663
